"settings","features","rm","train.AUC","avg.test.AUC","var.test.AUC","avg.diff.AUC","var.diff.AUC","avg.test.orMTP","var.test.orMTP","avg.test.or10pct","var.test.or10pct","AICc","delta.AICc","w.AIC","parameters"
"LQHPT_1","LQHPT",1,0.9589,0.939597020785616,0.00144805944003654,0.021799381749844,0.000642173596308982,0.00849268434014197,4.78802735927494e-05,0.161125597566276,0.00738936701745797,7800.00138363115,0,0.999999994146681,55
