"settings","features","rm","train.AUC","avg.test.AUC","var.test.AUC","avg.diff.AUC","var.diff.AUC","avg.test.orMTP","var.test.orMTP","avg.test.or10pct","var.test.or10pct","AICc","delta.AICc","w.AIC","parameters"
"LQ_1","LQ",1,0.9136,0.836425114778508,0.0524974538337625,0.108460520329239,0.0463560251474572,0.208333333333333,0.0763888888888889,0.229166666666667,0.0665509259259259,746.358986372132,0,0.723450485490786,10
