"settings","features","rm","train.AUC","avg.test.AUC","var.test.AUC","avg.diff.AUC","var.diff.AUC","avg.test.orMTP","var.test.orMTP","avg.test.or10pct","var.test.or10pct","AICc","delta.AICc","w.AIC","parameters"
"L_0.5","L",0.5,0.9907,0.882478632478632,0.0908185468544543,0.106147613960114,0.0971651077502732,0.166666666666667,0.111111111111111,0.166666666666667,0.111111111111111,118.940146538154,0,0.766265045620333,6
