"settings","features","rm","train.AUC","avg.test.AUC","var.test.AUC","avg.diff.AUC","var.diff.AUC","avg.test.orMTP","var.test.orMTP","avg.test.or10pct","var.test.or10pct","AICc","delta.AICc","w.AIC","parameters"
"LQHPT_4","LQHPT",4,0.9334,0.898786049242512,0.00356496741742545,0.0415958957525457,0.00376338217915081,0.03,0.00146666666666667,0.216923076923077,0.0274840236686391,1712.41774650051,0,0.560925559159871,22
