"settings","features","rm","train.AUC","avg.test.AUC","var.test.AUC","avg.diff.AUC","var.diff.AUC","avg.test.orMTP","var.test.orMTP","avg.test.or10pct","var.test.or10pct","AICc","delta.AICc","w.AIC","parameters"
"LQHPT_4","LQHPT",4,0.9218,0.874160432902476,0.0143782082440967,0.0649497513377028,0.0150170498960996,0.0367647058823529,0.00540657439446367,0.169117647058824,0.0267445213379469,2356.79707631398,0,0.783004376715651,36
