"settings","features","rm","train.AUC","avg.test.AUC","var.test.AUC","avg.diff.AUC","var.diff.AUC","avg.test.orMTP","var.test.orMTP","avg.test.or10pct","var.test.or10pct","AICc","delta.AICc","w.AIC","parameters"
"LQ_0.5","LQ",0.5,0.987,0.985726205114884,0.000311071997376432,0.0050295311105063,0.000156400648167274,0.000220264317180617,1.94065477692173e-07,0.0951541850220264,0.00630117668367974,73111.5423547023,0,1,15
