"settings","features","rm","train.AUC","avg.test.AUC","var.test.AUC","avg.diff.AUC","var.diff.AUC","avg.test.orMTP","var.test.orMTP","avg.test.or10pct","var.test.or10pct","AICc","delta.AICc","w.AIC","parameters"
"LQHPT_2","LQHPT",2,0.9509,0.898158534133592,0.00356077843136667,0.0524620545656332,0.00510616124465206,0.0365853658536585,0.00535395597858418,0.39359756097561,0.0480310579020424,2703.15496970073,0,0.546856619348832,49
