"settings","features","rm","train.AUC","avg.test.AUC","var.test.AUC","avg.diff.AUC","var.diff.AUC","avg.test.orMTP","var.test.orMTP","avg.test.or10pct","var.test.or10pct","AICc","delta.AICc","w.AIC","parameters"
"LQHPT_2","LQHPT",2,0.9648,0.937903129479216,0.000379067189360437,0.0249405660958957,0.000396357132313164,0.00480769230769231,9.24556213017752e-05,0.149038461538462,0.00403722879684418,3405.33214079934,0,0.999999999999931,59
