"settings","features","rm","train.AUC","avg.test.AUC","var.test.AUC","avg.diff.AUC","var.diff.AUC","avg.test.orMTP","var.test.orMTP","avg.test.or10pct","var.test.or10pct","AICc","delta.AICc","w.AIC","parameters"
"LQHPT_2","LQHPT",2,0.9954,0.988875220898704,0.000149148780105357,0.0063575149467846,0.000121282328676586,0.0780632411067194,0.0085652017685013,0.12203557312253,0.0200450327297724,790.909210630915,0,0.999917538114146,17
