"settings","features","rm","train.AUC","avg.test.AUC","var.test.AUC","avg.diff.AUC","var.diff.AUC","avg.test.orMTP","var.test.orMTP","avg.test.or10pct","var.test.or10pct","AICc","delta.AICc","w.AIC","parameters"
"LQHPT_2","LQHPT",2,0.9746,0.956116725778966,0.00181526958857758,0.0190603877433302,0.000993755188452912,0.00337837837837838,4.56537618699781e-05,0.189651980747871,0.0140563783494104,4739.47371357244,0,0.981824939291125,77
