"settings","features","rm","train.AUC","avg.test.AUC","var.test.AUC","avg.diff.AUC","var.diff.AUC","avg.test.orMTP","var.test.orMTP","avg.test.or10pct","var.test.or10pct","AICc","delta.AICc","w.AIC","parameters"
"L_0.5","L",0.5,0.7704,0.791637241054614,0.0117452103722097,0.0208040987966835,0.00145316094101043,0.125,0.0208333333333333,0.125,0.0208333333333333,380.902221963154,2.14639956057948,0.0936586158558998,5
