"settings","features","rm","train.AUC","avg.test.AUC","var.test.AUC","avg.diff.AUC","var.diff.AUC","avg.test.orMTP","var.test.orMTP","avg.test.or10pct","var.test.or10pct","AICc","delta.AICc","w.AIC","parameters"
"LQHPT_3","LQHPT",3,0.9271,0.797807027311938,0.0665719539886092,0.0590896357528732,0.00645865926456053,0.00892857142857143,0.000318877551020408,0.241732804232804,0.0501915014977184,2045.35058167025,0,0.872411691475217,30
