"settings","features","rm","train.AUC","avg.test.AUC","var.test.AUC","avg.diff.AUC","var.diff.AUC","avg.test.orMTP","var.test.orMTP","avg.test.or10pct","var.test.or10pct","AICc","delta.AICc","w.AIC","parameters"
"LQ_1","LQ",1,0.9453,0.909225722472656,0.0349905011441132,0.064886402022108,0.0344167090989162,0.0833333333333333,0.0277777777777778,0.208333333333333,0.173611111111111,330.73344965184,0,0.244401726394064,5
