"settings","features","rm","train.AUC","avg.test.AUC","var.test.AUC","avg.diff.AUC","var.diff.AUC","avg.test.orMTP","var.test.orMTP","avg.test.or10pct","var.test.or10pct","AICc","delta.AICc","w.AIC","parameters"
"LQH_2","LQH",2,0.9025,0.870356105213544,0.0262525634239482,0.0592996192653298,0.0316480036051177,0.0833333333333333,0.0277777777777778,0.0833333333333333,0.0277777777777778,398.779180090269,0,0.875198013603521,10
