"settings","features","rm","train.AUC","avg.test.AUC","var.test.AUC","avg.diff.AUC","var.diff.AUC","avg.test.orMTP","var.test.orMTP","avg.test.or10pct","var.test.or10pct","AICc","delta.AICc","w.AIC","parameters"
"LQHPT_3","LQHPT",3,0.9527,0.939733286733514,0.00308091674189944,0.0225205164209073,0.000706174117232311,0.00984617985125084,0.000275100276990328,0.184071042209987,0.0198516947580133,13878.5683600995,0,0.999988214394752,73
