"settings","features","rm","train.AUC","avg.test.AUC","var.test.AUC","avg.diff.AUC","var.diff.AUC","avg.test.orMTP","var.test.orMTP","avg.test.or10pct","var.test.or10pct","AICc","delta.AICc","w.AIC","parameters"
"LQHPT_2","LQHPT",2,0.8917,0.796932861484182,0.00709827505010589,0.104850266655081,0.00989279585571141,0.0103550295857988,0.000428906550891075,0.289940828402367,0.0342424985119569,13201.1238208478,0,1,92
