"settings","features","rm","train.AUC","avg.test.AUC","var.test.AUC","avg.diff.AUC","var.diff.AUC","avg.test.orMTP","var.test.orMTP","avg.test.or10pct","var.test.or10pct","AICc","delta.AICc","w.AIC","parameters"
"LQHPT_1","LQHPT",1,0.9301,0.848716886447333,0.0234260240777844,0.0842084178072798,0.0284107652442943,0.0116822429906542,0.000196523713861473,0.275700934579439,0.0750866160072204,8246.89428883195,0,0.982927765444128,131
