"settings","features","rm","train.AUC","avg.test.AUC","var.test.AUC","avg.diff.AUC","var.diff.AUC","avg.test.orMTP","var.test.orMTP","avg.test.or10pct","var.test.or10pct","AICc","delta.AICc","w.AIC","parameters"
"L_0.5","L",0.5,0.855,0.815394155411039,0.035348994031656,0.0523865298033632,0.024699136543548,0.0817307692307692,0.0138991617357002,0.100961538461538,0.0111871301775148,992.428061173507,0,0.295814779272521,6
