"settings","features","rm","train.AUC","avg.test.AUC","var.test.AUC","avg.diff.AUC","var.diff.AUC","avg.test.orMTP","var.test.orMTP","avg.test.or10pct","var.test.or10pct","AICc","delta.AICc","w.AIC","parameters"
"LQHPT_3","LQHPT",3,0.9382,0.91678234755366,0.00204756595868469,0.0248066919716161,0.00121599652559133,0.0108695652173913,0.000472589792060491,0.12104743083004,0.00808577700010936,1434.07848773657,0,0.863779478500026,14
