"settings","features","rm","train.AUC","avg.test.AUC","var.test.AUC","avg.diff.AUC","var.diff.AUC","avg.test.orMTP","var.test.orMTP","avg.test.or10pct","var.test.or10pct","AICc","delta.AICc","w.AIC","parameters"
"LQHPT_2","LQHPT",2,0.9338,0.903760975350638,0.00947520955642106,0.0452516528861875,0.00817772199360242,0.0153061224489796,0.000937109537692628,0.204081632653061,0.0585866999861169,3809.10575082529,0,0.999999842074696,40
