"settings","features","rm","train.AUC","avg.test.AUC","var.test.AUC","avg.diff.AUC","var.diff.AUC","avg.test.orMTP","var.test.orMTP","avg.test.or10pct","var.test.or10pct","AICc","delta.AICc","w.AIC","parameters"
"H_0.5","H",0.5,0.8341,0.692594739434706,0.00149056687730129,0.0638240335562089,0.0122237703506491,0,0,0.126358695652174,0.0150536805117972,2167.59496585933,202.06531350064,1.19091906738106e-44,56
