"settings","features","rm","train.AUC","avg.test.AUC","var.test.AUC","avg.diff.AUC","var.diff.AUC","avg.test.orMTP","var.test.orMTP","avg.test.or10pct","var.test.or10pct","AICc","delta.AICc","w.AIC","parameters"
"LQHPT_0.5","LQHPT",0.5,0.8709,0.676543208976691,0.0160875313264638,0.204672873123289,0.0210799832340237,0.104266826923077,0.013416788977749,0.441346153846154,0.0356617125862919,6628.73106134115,414.753715729468,8.45905761973595e-91,117
