"settings","features","rm","train.AUC","avg.test.AUC","var.test.AUC","avg.diff.AUC","var.diff.AUC","avg.test.orMTP","var.test.orMTP","avg.test.or10pct","var.test.or10pct","AICc","delta.AICc","w.AIC","parameters"
"LQHPT_3","LQHPT",3,0.9455,0.929761860556194,0.00167282019549222,0.0200520168405729,0.00106444612402631,0.0075849963045085,0.000131582235747776,0.118505173688101,0.00557881864723707,12395.8331238319,0,0.999999997431001,70
