"settings","features","rm","train.AUC","avg.test.AUC","var.test.AUC","avg.diff.AUC","var.diff.AUC","avg.test.orMTP","var.test.orMTP","avg.test.or10pct","var.test.or10pct","AICc","delta.AICc","w.AIC","parameters"
"LQ_1","LQ",1,0.843,0.813703248771684,0.00284131050157579,0.0293375447040342,0.00401094396643353,0.0208333333333333,0.00173611111111111,0.104166666666667,0.0109953703703704,1057.96941370538,0,0.855399629834375,11
