"settings","features","rm","train.AUC","avg.test.AUC","var.test.AUC","avg.diff.AUC","var.diff.AUC","avg.test.orMTP","var.test.orMTP","avg.test.or10pct","var.test.or10pct","AICc","delta.AICc","w.AIC","parameters"
"LQHPT_0.5","LQHPT",0.5,0.9041,0.652458318020234,0.191572867397997,0.267230869294744,0.21023867607034,0.0851648351648352,0.0290121965946142,0.480769230769231,0.179638127440325,7625.80947952391,418.17228186254,1.56690530562513e-91,159
