"settings","features","rm","train.AUC","avg.test.AUC","var.test.AUC","avg.diff.AUC","var.diff.AUC","avg.test.orMTP","var.test.orMTP","avg.test.or10pct","var.test.or10pct","AICc","delta.AICc","w.AIC","parameters"
"LQ_1","LQ",1,0.863,0.810529522357154,0.179146560950278,0.139051791051656,0.174018605352062,0.0277777777777778,0.00308641975308642,0.268518518518518,0.239026063100137,1891.83487433362,0,0.584644960532546,17
