"settings","features","rm","train.AUC","avg.test.AUC","var.test.AUC","avg.diff.AUC","var.diff.AUC","avg.test.orMTP","var.test.orMTP","avg.test.or10pct","var.test.or10pct","AICc","delta.AICc","w.AIC","parameters"
"LQHPT_3","LQHPT",3,0.8719,0.807266791779872,0.00626151967661214,0.0700861021375247,0.00917675026544731,0.00152335955408236,3.78548495028113e-06,0.249802107554544,0.0384696737680019,44959.1434673896,0,0.999999999807457,103
