"settings","features","rm","train.AUC","avg.test.AUC","var.test.AUC","avg.diff.AUC","var.diff.AUC","avg.test.orMTP","var.test.orMTP","avg.test.or10pct","var.test.or10pct","AICc","delta.AICc","w.AIC","parameters"
"LQHPT_3","LQHPT",3,0.9815,0.972874662802259,0.000459822511517789,0.0103070711619939,0.000401153224765625,0.00221238938053097,1.95786670843449e-05,0.146985619469027,0.00831384279938579,7821.17845310446,0,0.999916514721083,53
