"settings","features","rm","train.AUC","avg.test.AUC","var.test.AUC","avg.diff.AUC","var.diff.AUC","avg.test.orMTP","var.test.orMTP","avg.test.or10pct","var.test.or10pct","AICc","delta.AICc","w.AIC","parameters"
"LQHPT_3","LQHPT",3,0.89,0.815008974788162,0.031407506369698,0.0857442390776244,0.0449706254402061,0.0560344827586207,0.0125594530321046,0.27692075015124,0.119064013964722,4363.6307614714,0,0.999283996198201,40
