"settings","features","rm","train.AUC","avg.test.AUC","var.test.AUC","avg.diff.AUC","var.diff.AUC","avg.test.orMTP","var.test.orMTP","avg.test.or10pct","var.test.or10pct","AICc","delta.AICc","w.AIC","parameters"
"LQHPT_2","LQHPT",2,0.8987,0.85581171461683,0.0106610354883302,0.0523980792889589,0.00905535743034918,0.00757575757575758,0.000229568411386593,0.145974672094075,0.0211135944798028,4955.25881390265,0,0.997086190562141,65
