"settings","features","rm","train.AUC","avg.test.AUC","var.test.AUC","avg.diff.AUC","var.diff.AUC","avg.test.orMTP","var.test.orMTP","avg.test.or10pct","var.test.or10pct","AICc","delta.AICc","w.AIC","parameters"
"LQHPT_2","LQHPT",2,0.93,0.885813182048286,0.00137257413587987,0.0441081031626179,0.00162145710918814,0.0212765957446809,0.000905387052965142,0.143617021276596,0.00192394748755093,3203.48865466335,0,0.972076845749345,51
