"settings","features","rm","train.AUC","avg.test.AUC","var.test.AUC","avg.diff.AUC","var.diff.AUC","avg.test.orMTP","var.test.orMTP","avg.test.or10pct","var.test.or10pct","AICc","delta.AICc","w.AIC","parameters"
"LQ_1","LQ",1,0.8993,0.762616095530036,0.147536139751644,0.184464549877232,0.146208289587596,0.227272727272727,0.118457300275482,0.386363636363636,0.189393939393939,745.511826465143,0,0.371421629115744,10
