"settings","features","rm","train.AUC","avg.test.AUC","var.test.AUC","avg.diff.AUC","var.diff.AUC","avg.test.orMTP","var.test.orMTP","avg.test.or10pct","var.test.or10pct","AICc","delta.AICc","w.AIC","parameters"
"LQHPT_2","LQHPT",2,0.9201,0.845777341307081,0.0449943771647461,0.0652125402165704,0.0271707317185374,0.00751072961373391,0.000225644237322478,0.179633909247643,0.0465901293337491,19233.5756888154,0,0.999999999999907,119
