"settings","features","rm","train.AUC","avg.test.AUC","var.test.AUC","avg.diff.AUC","var.diff.AUC","avg.test.orMTP","var.test.orMTP","avg.test.or10pct","var.test.or10pct","AICc","delta.AICc","w.AIC","parameters"
"LQ_2","LQ",2,0.7729,0.760898870487876,0.0274235254403346,0.0553861890110209,0.0231880509721909,0.0131578947368421,0.000692520775623269,0.105263157894737,0.0147737765466297,1392.25376075768,0,0.325682873762685,8
