"settings","features","rm","train.AUC","avg.test.AUC","var.test.AUC","avg.diff.AUC","var.diff.AUC","avg.test.orMTP","var.test.orMTP","avg.test.or10pct","var.test.or10pct","AICc","delta.AICc","w.AIC","parameters"
"LQHPT_2","LQHPT",2,0.8914,0.840319098425534,0.0129001338213913,0.0564557980080444,0.0182816766354561,0.0120967741935484,0.000238466874783212,0.230499735589635,0.0134735269900387,5337.92995355159,0,0.999863324762707,80
