"settings","features","rm","train.AUC","avg.test.AUC","var.test.AUC","avg.diff.AUC","var.diff.AUC","avg.test.orMTP","var.test.orMTP","avg.test.or10pct","var.test.or10pct","AICc","delta.AICc","w.AIC","parameters"
"LQHPT_3","LQHPT",3,0.9396,0.866613317418982,0.0129874179142319,0.0766070040768934,0.00772534577277628,0.00347222222222222,4.82253086419753e-05,0.25,0.0311213991769547,5685.85417833681,0,0.999999999999006,67
