"settings","features","rm","train.AUC","avg.test.AUC","var.test.AUC","avg.diff.AUC","var.diff.AUC","avg.test.orMTP","var.test.orMTP","avg.test.or10pct","var.test.or10pct","AICc","delta.AICc","w.AIC","parameters"
"LQH_1","LQH",1,0.7961,0.556347903513411,0.0186754068596379,0.219119490453213,0.0621441635027822,0.0465116279069767,0.0025238867856499,0.38953488372093,0.0909951325040562,5192.07417013888,1412.34489150426,1.02840278148033e-307,137
