"settings","features","rm","train.AUC","avg.test.AUC","var.test.AUC","avg.diff.AUC","var.diff.AUC","avg.test.orMTP","var.test.orMTP","avg.test.or10pct","var.test.or10pct","AICc","delta.AICc","w.AIC","parameters"
"LQHPT_0.5","LQHPT",0.5,0.9014,0.623256968398618,0.0675847791150472,0.302666929447188,0.0814265867389684,0.199730094466937,0.0594702785199269,0.564271255060729,0.0904306089022688,3272.81142949214,193.818537864713,7.10837360709912e-43,71
