"settings","features","rm","train.AUC","avg.test.AUC","var.test.AUC","avg.diff.AUC","var.diff.AUC","avg.test.orMTP","var.test.orMTP","avg.test.or10pct","var.test.or10pct","AICc","delta.AICc","w.AIC","parameters"
"LQ_0.5","LQ",0.5,0.8008,0.789419924292661,0.0592443147746854,0.0970989559195758,0.0289259062662832,0.021551724137931,0.00185790725326992,0.171805923961096,0.0403244072822096,9974.46615653769,0,0.767494946079579,11
