"settings","features","rm","train.AUC","avg.test.AUC","var.test.AUC","avg.diff.AUC","var.diff.AUC","avg.test.orMTP","var.test.orMTP","avg.test.or10pct","var.test.or10pct","AICc","delta.AICc","w.AIC","parameters"
"LQHPT_0.5","LQHPT",0.5,0.8739,0.653700173125339,0.0846936014749463,0.233734607331469,0.0552198231699447,0.1875,0.0572916666666667,0.433712121212121,0.113535927456382,1040.31628537767,76.0547140180478,8.08001365980655e-18,32
