"settings","features","rm","train.AUC","avg.test.AUC","var.test.AUC","avg.diff.AUC","var.diff.AUC","avg.test.orMTP","var.test.orMTP","avg.test.or10pct","var.test.or10pct","AICc","delta.AICc","w.AIC","parameters"
"LQHPT_2","LQHPT",2,0.948,0.874244276489768,0.0189411937256119,0.0770819436820721,0.0213218096085335,0.0170068027210884,0.000879263269933824,0.323014340871484,0.0975838923843415,9328.41223775785,0,1,81
