"settings","features","rm","train.AUC","avg.test.AUC","var.test.AUC","avg.diff.AUC","var.diff.AUC","avg.test.orMTP","var.test.orMTP","avg.test.or10pct","var.test.or10pct","AICc","delta.AICc","w.AIC","parameters"
"LQ_0.5","LQ",0.5,0.9043,0.845885292371125,0.0294947653756641,0.0697660189360048,0.0152271971774932,0.0527777777777778,0.00373456790123457,0.130555555555556,0.0155041152263374,615.157136711493,0,0.97406049026826,13
