"settings","features","rm","train.AUC","avg.test.AUC","var.test.AUC","avg.diff.AUC","var.diff.AUC","avg.test.orMTP","var.test.orMTP","avg.test.or10pct","var.test.or10pct","AICc","delta.AICc","w.AIC","parameters"
"LQHPT_1","LQHPT",1,0.9867,0.953519930841103,0.000393814393505771,0.0272017587001552,0.000822910980958484,0.00833333333333333,0.000277777777777778,0.305376344086021,0.0383712953327938,1027.85678871635,0,0.999999999998863,52
