BIOCLIM_11,x,y
-9999.0,-164.37501315,-3.12500025
-9999.0,-16.45833465,27.29166885
0.0,-118.54167615,42.29167005
-9999.0,33.54166935,78.95833965
-9999.0,-169.79168025,53.54167095
-9999.0,-59.79167145,28.12500225
-9999.0,-52.29167085,27.29166885
-9999.0,-118.12500945,-40.20833655
207.0,11.45833425,-3.54166695000001
-9999.0,77.70833955,-16.87500135
-9999.0,128.12501025,0.208333350000004
-9999.0,-32.29166925,34.79166945
-9999.0,-43.12500345,18.12500145
