BIOCLIM_2,x,y
83.0,164.79167985,61.87500495
152.0,4.37500034999999,18.95833485
-9999.0,-7.29166725000002,-3.12500025
-9999.0,-133.12501065,13.12500105
89.0,91.04167395,69.79167225
-9999.0,-103.12500825,-4.79166705
123.0,-116.04167595,56.87500455
-9999.0,-156.04167915,1.87500014999999
