"settings","features","rm","train.AUC","avg.test.AUC","var.test.AUC","avg.diff.AUC","var.diff.AUC","avg.test.orMTP","var.test.orMTP","avg.test.or10pct","var.test.or10pct","AICc","delta.AICc","w.AIC","parameters"
"LQH_2","LQH",2,0.9421,0.922399774564565,0.000684887054280672,0.00678312070129089,0.000138400420094712,0.0178571428571429,0.00127551020408163,0.10989010989011,0.00485046089441694,914.957589737118,0,0.978660740383017,13
