"settings","features","rm","train.AUC","avg.test.AUC","var.test.AUC","avg.diff.AUC","var.diff.AUC","avg.test.orMTP","var.test.orMTP","avg.test.or10pct","var.test.or10pct","AICc","delta.AICc","w.AIC","parameters"
"LQ_0.5","LQ",0.5,0.8787,0.854036223911449,0.0403115689166664,0.0541406844587308,0.0219100053625685,0.0277777777777778,0.00308641975308642,0.136111111111111,0.0444753086419753,744.966265812919,0,0.55064995495368,10
