"settings","features","rm","train.AUC","avg.test.AUC","var.test.AUC","avg.diff.AUC","var.diff.AUC","avg.test.orMTP","var.test.orMTP","avg.test.or10pct","var.test.or10pct","AICc","delta.AICc","w.AIC","parameters"
"LQHPT_0.5","LQHPT",0.5,0.9131,0.881760554234479,0.00962780263421949,0.0420178623385377,0.0111957152054688,0.00648414985590778,0.000168176797415476,0.160750279022505,0.0293350350403744,26965.9245086961,0,0.99999999999335,151
