"settings","features","rm","train.AUC","avg.test.AUC","var.test.AUC","avg.diff.AUC","var.diff.AUC","avg.test.orMTP","var.test.orMTP","avg.test.or10pct","var.test.or10pct","AICc","delta.AICc","w.AIC","parameters"
"LQH_3","LQH",3,0.9796,0.977229070036599,0.00060592644680985,0.0100562295132864,0.000306426795726806,0.00806451612903226,0.000260145681581686,0.129838709677419,0.0145013874436351,1458.61211064083,0,0.866951111506873,17
