"settings","features","rm","train.AUC","avg.test.AUC","var.test.AUC","avg.diff.AUC","var.diff.AUC","avg.test.orMTP","var.test.orMTP","avg.test.or10pct","var.test.or10pct","AICc","delta.AICc","w.AIC","parameters"
"LQHPT_2","LQHPT",2,0.8762,0.804368304598216,0.0246663717941911,0.0805205486147686,0.0244978907196148,0.0023961661341853,2.29664485704662e-05,0.174787855354999,0.0300900672553264,24265.7915874616,0,0.999986541128914,103
