"settings","features","rm","train.AUC","avg.test.AUC","var.test.AUC","avg.diff.AUC","var.diff.AUC","avg.test.orMTP","var.test.orMTP","avg.test.or10pct","var.test.or10pct","AICc","delta.AICc","w.AIC","parameters"
"LQHPT_3","LQHPT",3,0.9658,0.964321268072403,0.00446736571427272,0.0214112108141875,0.00412595953676621,0.0416666666666667,0.00694444444444444,0.138134057971014,0.025599434204999,1376.65209871413,0,0.999132697575157,25
